node,name,type,degree,betweenness,closeness,pagerank,is_articulation_point,impact_score,composite_criticality,layer
MetricsCollector,MetricsCollector,Application,0.8571428571428571,0.15476190476190477,0.42857142857142855,0.04584375,True,0.3548387096774194,0.4683563748079877,Application Layer
UserService,UserService,Application,0.8571428571428571,0.13095238095238093,0.7,0.22332347013175935,False,0.4838709677419355,0.19754224270353304,Application Layer
PaymentService,PaymentService,Application,0.8571428571428571,0.05952380952380952,0.7,0.3264397948023608,False,0.3870967741935484,0.13993855606758832,Application Layer
InventoryService,InventoryService,Application,0.8571428571428571,0.023809523809523808,0.7777777777777778,0.23129222013175937,False,0.32258064516129037,0.10629800307219664,Application Layer
NotificationService,NotificationService,Application,0.5714285714285714,0.011904761904761904,0.4666666666666667,0.11685076493412028,False,0.32258064516129037,0.10153609831029187,Application Layer
APIGateway,APIGateway,Application,0.7142857142857142,0.0,0.0,0.018750000000000003,False,0.16129032258064513,0.04838709677419354,Application Layer
LogAggregator,LogAggregator,Application,0.14285714285714285,0.0,0.0,0.018750000000000003,False,0.16129032258064513,0.04838709677419354,Application Layer
AnalyticsEngine,AnalyticsEngine,Application,0.2857142857142857,0.0,0.0,0.018750000000000003,False,0.16129032258064513,0.04838709677419354,Application Layer
