infrastructure_node,infrastructure_criticality,directly_affected_apps,affected_brokers,cascading_apps,total_app_impact,cross_layer_risk_score
Node1,0.06119622216731187,2,1,4,6,0.48956977733849494
Node2,0.057882382011366446,1,1,4,5,0.40517667407956515
Node3,0.04689756472558549,2,0,4,6,0.28138538835351296
Node4,0.045338110534552355,1,0,5,6,0.2720286632073141
Node5,0.04641023529088764,2,0,0,2,0.09282047058177528
